<?xml version="1.0" encoding="UTF-8"?>
<beans xmlns="http://www.springframework.org/schema/beans"
	xmlns:xsi="http://www.w3.org/2001/XMLSchema-instance" xmlns:p="http://www.springframework.org/schema/p"
	xsi:schemaLocation="http://www.springframework.org/schema/beans http://www.springframework.org/schema/beans/spring-beans-3.0.xsd">

	<bean id="sp1" class="com.test.SpringJdbc">
		<property name="EmpId" value="333"></property>
		<property name="EmpName" value="PIKAY"></property>
		<property name="EmpAddress" value="PUNE"></property>

	</bean>

</beans>