<?xml version="1.0" encoding="UTF-8"?>
<beans xmlns="http://www.springframework.org/schema/beans"
	xmlns:xsi="http://www.w3.org/2001/XMLSchema-instance" xmlns:p="http://www.springframework.org/schema/p"
	xsi:schemaLocation="http://www.springframework.org/schema/beans http://www.springframework.org/schema/beans/spring-beans-3.0.xsd">

	<bean id="ESD" class="com.Example.EmployeeDetails.EmployeeSalaryDetails">
		<constructor-arg value="1000" />
		<constructor-arg value="900" />
		<constructor-arg value="100" />
	</bean>

	<bean id="EPD" class="com.Example.EmployeeDetails.EmployeePersonalDetails">
		<constructor-arg value="009" />
		<constructor-arg value="Prakash" />
		<constructor-arg value="Siwan" />
		<constructor-arg ref="ESD" />
		<constructor-arg>
			<list>
				<value>MOHAN</value>
				<value>SOHAN</value>
				<value>RAMESH</value>
				<value>UMESH</value>
				<value>ROHIT</value>
			</list>
		</constructor-arg>
		<constructor-arg>
			<map>
				<entry key="1000" value="MOHAN" />
				<entry key="2000" value="SOHAN" />
				<entry key="3000" value="KOHAN" />
				<entry key="4000" value="ROHAN" />
				<entry key="5000" value="TOHAN" />
			</map>
		</constructor-arg>
	</bean>

</beans>