<?xml version="1.0" encoding="UTF-8"?>
<beans xmlns="http://www.springframework.org/schema/beans"
	xmlns:xsi="http://www.w3.org/2001/XMLSchema-instance" xmlns:p="http://www.springframework.org/schema/p"
	xsi:schemaLocation="http://www.springframework.org/schema/beans http://www.springframework.org/schema/beans/spring-beans-3.0.xsd">

	<bean id="student" class="com.test.Student">
		<constructor-arg value="001"/>
		<constructor-arg value="RAHUL"/>
		<constructor-arg ref="address" />
		<constructor-arg >
			<list>
				<value>AMit</value>
				<value>AJit</value>
				<value>AVit</value>
			</list>
		</constructor-arg>
	</bean>



	<bean id="address" class="com.test.Address">
		<constructor-arg value="Hinjawadi" />
		<constructor-arg value="Pune"/>
		<constructor-arg value="India"/>

	</bean>



</beans>