<?xml version="1.0" encoding="UTF-8"?>
<beans xmlns="http://www.springframework.org/schema/beans"
	xmlns:xsi="http://www.w3.org/2001/XMLSchema-instance" xmlns:p="http://www.springframework.org/schema/p"
	xsi:schemaLocation="http://www.springframework.org/schema/beans http://www.springframework.org/schema/beans/spring-beans-3.0.xsd">

	<bean id="EPD" class="com.Example.Employee.EmployeePersonalDetails">
		<property name="EmpID" value="001"></property>
		<property name="EmpName" value="Prakash"></property>
		<property name="EmpAddress" value="Siwan"></property>
		<property name="Empesd" ref="ESD"/>
		<property name="Emplist">
			<list>
				<value>MOHAN</value>
				<value>SOHAN</value>
				<value>RAMESH</value>
				<value>UMESH</value>
				<value>ROHIT</value>
			</list>
		</property>
		<property name="Empmap">
			<map>
				<entry key="1" value="MOHAN"/>
				<entry key="2" value="SOHAN"/>
				<entry key="3" value="KOHAN"/>
				<entry key="4" value="ROHAN"/>
				<entry key="5" value="TOHAN"/>
			</map>
		</property>

	</bean>
	
	<bean id="ESD" class="com.Example.Employee.EmployeeSalaryDetails">
		<property name="GrossSalary" value="1000"></property>
		<property name="BaseSalary" value="900"></property>
		<property name="VariableSalary" value="100"></property>
		</bean>
	
	

</beans>